CHROM	POS	REF	ALT	Gene	SYMBOL	Consequence	CADD_PHRED	AF	GT
chr1	40308335	A	C	ENSG00000049089	COL9A2	synonymous_variant	9.976	0.004662	0/1
chr15	45236052	T	G	ENSG00000156642	NPTN	upstream_gene_variant	5.246	0.000466	0/1
chr16	4657350	T	G	ENSG00000102858	MGRN1	splice_region_variant	16.772	0.000466	0/1
chr16	4624885	G	A	ENSG00000102858	MGRN1	3_prime_UTR_variant	1.05	0.000233	1/1
chr16	4625327	A	G	ENSG00000102858	MGRN1	synonymous_variant		0.002331	1/1
chr16	4687171	C	T	ENSG00000102858	MGRN1	frameshift_variant	45.187	0.000466	1/1
chr15	10727975	T	C	ENSG00000136425	CIB2	stop_gained	44.582	0.000233	0/1
chr2	151079025	G	A	ENSG00000110675	ELMOD1	downstream_gene_variant		0.002331	1/1
chr15	45238457	C	G	ENSG00000156642	NPTN	frameshift_variant	26.885	0.004662	1/1
